Timestamp,1. What is the official name of your initiative or organisation? ,2.  In what year was your initiative or organisation founded?,3. Type of initiative or organisation. (Please select one) ,"6. Please provide any official link (website, Facebook, LinkedIn, etc.) associated with your initiative or organisation.",4. Where is the geographic origin of the initiative or organisation? ,"5. What is the primary area of focus for your initiative or organisation? (e.g., health, education, relief, etc.)"
11/10/2024 11:17:19,TADAUK.ORG,11/5/2020,Community Service Organisation (CSO),https://tadauk.org/,Europe ,
11/10/2024 17:01:27,Agora Consulting ,1/2/2023,Business/Grassroots Organisation (BGO),https://agoraconsulting-et.com/,Ethiopia (Outside of Tigray),Research; Monitoring and Evaluation and capacity building 
11/10/2024 17:26:00,Tigray Disaster Relief Fund ,10/18/2018,Community Service Organisation (CSO),@tdrfund and www.TDRFund.org ,North America,"Disaster relief, education, food insecurity and economic mobility "
11/10/2024 18:48:31,Irob anina/ in plain sight ,4/4/2021,Community Service Organisation (CSO),Irobanina.org InPlainSightInstitute.org,North America,Minority rights or women’s rights 
11/10/2024 19:13:01,"Tigray, Center for Solidarity Initiatives Ángel Olaran, ",1/1/2009,Community Service Organisation (CSO),https://isolidaries.org/en/rebuilding-hopes-angel-olarans-commitment-to-tigray/,Ethiopia (Outside of Tigray),"It is a non-profit organization that supports the humanitarian work of Father Ángel Olaran in Wukro, Ethiopia"
11/10/2024 19:36:01,Nottingham Tegaru,10/10/2022,Community Service Organisation (CSO),WhatsApp group ,Europe,Community support 
11/10/2024 23:18:04,Stichting Dekna Foundation,7/17/2021,Community Service Organisation (CSO),https://www.dekna.org ; https://www.facebook.com/StichtingDekna/,Europe,Specifically on children's basic needs
11/11/2024 1:43:14,Health Professionals Network for Tigray,1/21/2021,Humanitarian International NGO,Hpn4tigray.org ,North America,Health and humanitarian response 
11/11/2024 1:45:42,TIGRAY PUBLIC MEDIA,10/14/2021,Public Media,"@tigraypublicmedia, YouTube",North America,Public Affairs
11/11/2024 3:11:10,"SJT, NBC. TMH, GSTS",2/1/2018,Community Service Organisation (CSO),,North America,"Justice, media, education, etc"
11/11/2024 7:17:01,Legacy Tigray ,12/1/2020,Community Service Organisation (CSO),https://sites.google.com/view/legacy-tigray/home,North America,Advocating about the war impact on the people and different sectors of facilities across Tigray and Ethiopia to the international community.
11/11/2024 8:10:48,Tigray Herald,12/7/2022,Media house,www.tigrayherald.com,Africa,Media
11/11/2024 9:05:25,ሓደ ልቢ ትግራይ,3/25/2022,Community Service Organisation (CSO),Its a private telegram group (related to privacy matters),Ethiopia (Outside of Tigray),"Education, relief, financial support for the needy"
11/11/2024 9:30:24,Tigray State of Mind ,5/1/2022,Community Service Organisation (CSO),@tigraystateofmind on Instagram ,North America,Mental health
11/11/2024 17:23:36,Yabele Media ,3/20/2021,Media Organization,https://yabelemedia.com/,Africa,"Covering the war and its wide range ramifications, governance, politics and future directions of Tigray. "
11/11/2024 22:23:33,Security and Justice for Tigrayans Canada (SJTC),8/21/2021,Business/Grassroots Organisation (BGO),sjtcanada.org,North America,Justice and accountability 
11/11/2024 22:40:26,Tigray Human Rights Forum,10/1/2021,Community Service Organisation (CSO),tigrayhumanrights.org,North America,"Human rights, advocacy"
11/12/2024 0:00:38,Teana Sabawian ,3/21/2021,NGO,https://teanasabawian.org/ ,Europe,Health and Education 
11/12/2024 0:22:48,Magi tareke (My Shoes Your Shoes),7/1/2021,Community Service Organisation (CSO),Www.MSYShoes.org,Ethiopia (Outside of Tigray),"School , children, girls "
11/12/2024 2:28:35,Yikono ,10/15/2019,Community Service Organisation (CSO),https://www.facebook.com/YikhonoMovement/,Africa,Women rights 
11/12/2024 23:55:55,Rise up for Tigray ,1/1/2021,Community Service Organisation (CSO),Riseup4tigray,Europe,Emergency relief 
11/13/2024 20:24:18,Union of tegray in Belgium ,11/13/2024,Community Service Organisation (CSO),Union of tigrians in belgum,Europe,"Humanity,  health and education "
11/14/2024 15:42:02,Humans Of Tigray ,4/23/2024,Storytelling platform ,https://www.instagram.com/humans.of.tigray/profilecard/?igsh=MXFrOGNiMzZmOGlxZA==,Ethiopia (Outside of Tigray),"It's a storytelling platform aimed to capture and share personal stories, reflections, and perspectives of the people of Tigray. It’s designed to give voice to individual experiences, shedding light on the humanity, resilience, and diverse narratives within Tigray."